Model,RMSE,MAE,MAPE,Composite_Score
XGBOOST,4.207973424179572,2.288302919276591,999.9,0.3030561711212378
LSTM,17.559130824992092,9.688017389142512,999.9,0.3128364627634823
PROPHET,17.284196663425934,12.075826382770462,999.9,0.3141591744950326
