,Expected_Revenue,Fan_Count,High_Probability_Fans,Avg_Purchase_Probability,Historical_Avg
Flamengo,78.57444000000001,19.0,5.0,0.2621052631578948,51.725
Imperial,49.78114,14.0,5.0,0.3478571428571428,47.4225
W7M,34.400600000000004,10.0,4.0,0.404,36.255
Loud,29.197,7.0,5.0,0.692857142857143,53.004999999999995
